total_annual_contribution,compounded_annual_interest_percentage,withdrawal_rate_percentage,assumed_tax_rate_on_interest_percentage
5159.216095106179,0.1159356528963616,26.288904476607637,34.750445652649724
9890.51226589538,0.2008658369993025,24.673296343398754,31.52637396898728
9165.92839826536,0.3606007362484173,26.511411343701635,25.76680233286247
7965.561658107021,0.4047636640342724,28.354884536420887,37.72827002672871
7672.162455201915,0.46892489057985715,21.687335583987824,31.866089751027047
9735.285768847536,0.18475438238441622,29.42391636139824,33.36220149098303
6314.062549090038,0.1184761451597966,22.028525424808965,23.896349785960556
7869.185529618397,0.18203570989580098,37.48429141565735,39.17997475795008
9383.542578145945,0.18266477668409736,32.25907191928613,24.568313736317165
5213.390945446912,0.49727876697003415,22.054692033751103,28.07801979452851
7128.7744228495485,0.18465447931062984,26.006599060807936,28.576348475147796
9182.654222548754,0.4198823986436624,39.66919107693282,38.63584414684037
8923.125724641404,0.3567538408137977,21.941660304185625,38.00252846307819
6170.732590494489,0.21980989094563097,26.517179678822373,25.177292930456776
7224.519740764637,0.3213845884776966,36.19578034555115,36.660547809379906
6196.579621309563,0.1694554633220406,21.93951382107333,31.742564042883735
8319.23696152291,0.4199485025881265,27.73586305597903,22.29123420872098
9568.680191941015,0.18759559008220983,31.883248293064582,27.069623534744025
5422.6778608324885,0.1939968798218611,34.88232399786231,31.14971239778092
7501.3154443954045,0.46310246883294165,38.379428257226735,36.39289041208907
5925.0343035449005,0.41933373864340007,33.686705723308435,39.98788100814605
7755.960997803415,0.10015859618449752,23.469789637739357,24.545757411330662
7686.4456888529585,0.22595641647357945,30.60630106610947,38.815413902782964
7093.465893755548,0.42315160176095107,29.327275890930114,36.65539886723626
5009.809812624768,0.45441236174101807,39.55061268681395,30.355608221723816
8518.38489454829,0.48276999066366255,32.63325489371332,31.24925778353179
6190.55271077326,0.2863915851530409,26.476620521438203,39.650544936780676
6511.021272717997,0.18465537716877717,32.17718418879036,23.72696939464482
6090.7366234254305,0.25948341432713207,29.912749834119126,22.10437987223441
5853.348910690376,0.4679805498365731,26.132826267889936,23.20140784348051
6791.275323942878,0.19443197286982744,29.27662689988595,27.925396382389454
7853.241190607798,0.13126239295016223,20.033196097404833,22.337019394366806
7085.850004182518,0.22472985488096803,29.130715665570328,23.364805956515443
8585.501123471227,0.47297415985794633,23.809971248442558,24.28125682313496
6171.023828004573,0.18655965462029056,23.076861525784345,37.92676931886575
7217.638500647343,0.3995342933508025,33.74874896288327,24.45903807793715
8831.276164908702,0.47382523615679484,28.901488302782873,32.68406029570073
8565.647231411469,0.33532910747202405,31.55545907106764,34.74959971404435
7497.292547208064,0.4298372459238118,32.01816714074067,30.929607451925676
9144.90702730046,0.32462604589822774,39.790837593525474,31.078057276041214
6001.211895243843,0.22424457628033823,34.60408752895673,22.318117715574992
8715.598622382646,0.29757422006575696,37.840405356538426,28.11123022103739
9701.022491032243,0.22280376270360908,28.461826845183325,30.020053395094337
8949.682658974967,0.2516612431923583,33.83480039812613,32.77742802630751
9123.710417836457,0.31111072038054655,32.958634061728944,31.467485527136226
5569.299838993281,0.11873233527492894,28.471975097481113,25.3011388763323
9813.501839308154,0.43266387195544637,25.17055386543398,37.16490569217737
9939.39816059019,0.34144943216544743,39.25821225276641,33.532060231517605
6836.873353682631,0.44709064545771116,26.916548694362653,30.75127993927442
7325.399125551408,0.16487384324054588,21.52524901630111,39.43727508985746
5801.112341851393,0.1672787962555624,38.6261374841591,28.93382512420927
8697.774151036981,0.4800398734680987,38.914564814348275,30.270012285726615
7935.597184110733,0.38645949993878764,26.587927189639537,20.223787148745465
6565.237319569916,0.45166420572382593,39.79392135295165,36.59227538927609
7680.418571509029,0.12396599263987018,32.119337127241,34.47847082335281
8641.593850547984,0.49797138238728694,20.796290478950358,37.49845709778706
5275.544871683811,0.4426377674361028,24.07693001800984,29.68157240664778
7119.0217635896515,0.12840681078140648,32.67556213104927,30.254225061647016
5926.244822871637,0.40262882712300596,37.87042526912248,24.482518834380326
5406.810110889504,0.47239879281516717,30.462803033883905,20.87854040724248
9085.555703252607,0.11819012405104207,23.59541901669498,20.626232695886504
6795.132264703268,0.14042286737380133,28.705369166534947,33.123058524761404
5040.331627096367,0.2946757449970809,20.76758550565629,20.07806333114018
5798.083007914183,0.4059404450503466,31.387484281637875,37.02695267524149
6468.468557678255,0.2826682802175915,22.862037552954387,24.46817317244095
6930.570474904196,0.4553296984348145,21.179040371049837,31.0259682492543
7300.406624450281,0.17048654850353606,38.12503283956033,27.661425035910295
6932.1133207654175,0.21058462928650146,21.257620554844365,38.140939168495976
7934.60406679043,0.14639280912737807,33.20113448280994,31.06822986507457
7508.271922078699,0.2725333554151633,31.097962011538566,21.062697313603117
7358.127754936425,0.24941205692115176,32.69814924721331,23.799467325462995
7353.22541646896,0.32768282183973646,28.076809664747934,31.358117523468373
9742.65599459419,0.43556818320117513,22.17163812538359,35.26321984979194
5242.662201833829,0.15091474058683224,21.932598186150038,39.26859545552931
6957.98395092997,0.10888094171707013,23.88495200875303,24.71482247188163
9948.184177836127,0.380300464140872,26.263398669363845,33.343369449025204
7149.503918401743,0.4749322013724235,23.285482510503076,20.78310097348463
9569.617057047408,0.2613066897231726,29.21166171043523,39.33250614923298
9222.37514347465,0.4328949580943994,33.30807498054687,34.35862216499401
9502.224169709301,0.48282523584610093,39.91723028007418,22.67902574805509
6385.828634312513,0.178588855141821,37.08295426550367,35.74488515044301
9255.820839804157,0.18907201946049157,20.347726171746125,20.73280677352807
8150.282008685031,0.40445292193713933,37.551789908915104,34.6945003922525
6036.777271267672,0.4916631000837183,33.328224240641696,32.582746076071444
7188.812131385348,0.30810780224743656,23.655661590004804,32.0389556407421
8715.039378979922,0.27939033485743975,23.67417271073293,29.322482460440696
6190.360069150291,0.47420575244363816,30.181682345267014,29.18231683020431
8955.481919160353,0.10875385608799293,20.20770866266895,30.137052137573317
9451.448305786573,0.1361334336284874,28.65260964963786,36.97201208765463
8635.096147591097,0.4046837064238764,29.922270455632813,37.34887520233596
9331.099664900667,0.15986967944827674,33.228972163889786,21.707002660554576
7978.755934679739,0.449639392457606,37.04722725783825,35.29365849979291
6830.279822117259,0.42965624651860257,32.48829546079256,20.954773291976228
8243.574913211514,0.25417491144873616,23.956456866064283,29.414783248735052
5671.795261191232,0.49423269277023907,23.35882479148388,39.948252621778536
5754.959492383651,0.17869149440057486,33.806164434185604,32.64878231731218
7310.399550403921,0.24876094958271588,22.0090328776875,23.760382463856068
6323.942887745381,0.24816597250981437,20.788318246208814,30.890077778715725
8564.586050601816,0.36906416882935444,37.31113754615902,33.23134869203542
8378.410077311477,0.41315501741075406,23.587650571025463,31.218492376204672
9028.983295456406,0.11049687084969262,37.06925989285409,30.550644633938646
7226.343156219119,0.1218339879432101,21.493742542812807,21.337951672424495
8807.317200735435,0.16780849273253406,32.37245793504613,26.46007055677577
5538.1122130649455,0.46939747351051786,30.0349649710856,30.374231166127743
6241.339142623022,0.12353995756250968,30.54801860470443,20.35423623394278
6500.825012013406,0.482755440462266,26.775431007948647,27.65468731687804
6887.994256733459,0.4693355405578462,25.748410943195445,36.19775894758453
9050.154934396107,0.14231144243700633,27.29335301175471,37.55217158312427
7539.120439654745,0.40229369755878047,35.01711059328552,37.104031257825554
9610.692479556672,0.34645003609344477,39.38456505972158,37.85416699294798
8286.034540805122,0.22050592097264,26.6431122307533,23.360568368956926
9142.520136314004,0.2600445949427924,23.18595897590074,25.948920579433526
8457.63295100767,0.24132408739952826,35.15560661967166,28.257016878997234
8317.27872970223,0.3573582688630829,37.130169636231294,33.98910938680077
6062.247103530271,0.13489170376597065,38.311897317856065,20.187124816476945
8419.083667987128,0.3303405973615011,31.794626497476607,25.63577276601619
9796.917930095,0.24422471874802243,24.191198245694018,34.14965075199791
5640.2016806034635,0.2815040978049428,23.4245636215083,36.2872745727256
6694.300384004168,0.45802434060872305,22.529216129172212,33.37254567935845
6386.919634574941,0.4466866776338435,22.60534874751008,34.89610422173368
8306.742691224403,0.48699856734461566,23.525969305817977,38.13673410614955
7576.525131149571,0.3147960738988421,33.87240557043913,39.82330806225367
7336.523108941878,0.28373154214957497,28.445690629486656,23.923617480564687
5190.018495518481,0.4378757819982292,38.65365464107427,35.9396581426782
5381.613689854339,0.2540440842890773,36.25505604949241,31.044060751826684
9209.984444840655,0.36019021799361783,35.099120342436265,35.16690189905202
8696.055289076177,0.4805906754932579,20.898510111840537,24.606334659687082
5506.553748191253,0.40715816187682774,31.846975727200913,36.7648219737609
6704.6424491201415,0.29066884572363505,38.1897484345416,20.118102694678953
9418.423586362678,0.32982244841550057,36.90017638529897,29.337305054966016
6778.258362766325,0.29240891987946727,24.26619850451764,33.05586578684073
8344.752512024239,0.10413050272306634,31.287576623902098,36.34136340684893
9197.790059181123,0.29234635663883196,20.967903212791942,21.570762576222297
7509.178396818479,0.20768539252589913,34.65454536213516,36.18215586050466
6952.901331972422,0.33536585455472645,33.33768096823036,36.3642635972742
9842.327451405232,0.321090115880891,37.697416636654566,23.75724782619684
7981.846529576935,0.3333501077317035,31.417383006487647,33.912519709172614
5919.411414969693,0.427303846883924,23.941667839969035,38.077548133737864
9514.708627123866,0.1909467462160288,28.204395066814,27.384973968547946
7037.863917840403,0.4568673509202775,30.039443749428123,33.45997607531275
7907.8472249523675,0.3783476084054004,37.07478537193049,28.714484334943688
7665.802654103774,0.4562776638985432,26.27489294314625,26.482746264616427
9093.815916885398,0.4228551238525584,22.916162690513108,20.740428082195244
9101.088539126034,0.31439860328063596,34.122727273633224,21.178549593898097
6134.89616659545,0.43274934810416377,35.313547825836025,32.22379886143007
5930.4058588234775,0.16768050877639462,36.10415368221574,29.171160702039877
7699.369566611172,0.11124962583419623,39.06425233912107,38.74793625992122
5832.134867062834,0.17172615400113994,26.52855788396719,35.05156740275832
5024.18697236435,0.1640264297938266,25.450341987702174,27.197822110757663
5017.399285266792,0.10646884587732991,26.696895897915308,32.807787223606375
9846.590118493763,0.44902736979353663,22.623449273975005,22.83473028644726
5485.312125124391,0.1902382673249849,30.218443896887266,23.62469431239124
7369.922440544946,0.279680521295033,28.66424124397632,29.643601146119437
6606.71264249353,0.37693204302558747,39.83125631666356,26.387898611465868
8180.400888785598,0.48916822181012115,20.173160821088047,34.00493261860397
6469.233897135912,0.2214218503973575,21.784059487877112,30.84767719283569
6800.237621563537,0.14070508449072983,37.5307449570748,29.93546847040189
8569.49693927067,0.4704217239257836,39.548212674847534,36.01930128935368
5485.234040334464,0.35238370425943816,26.33008109461187,22.81796267118147
5313.240984283341,0.2605593934771303,37.40987599325968,25.278646881825892
7225.802493928677,0.34841348689815754,26.989004331012843,39.21077541673155
5718.700359042036,0.31394233840030483,25.738895941474546,25.70329480370652
6449.332941264958,0.1164224533299405,30.645513750110062,23.290847945414363
6851.66210632382,0.15224371899246014,28.093285926047287,26.247493842708998
6413.940341342273,0.3581574332172922,32.332188430091264,28.82881334195304
5121.506852834835,0.23502222827948727,33.76231883524059,30.851805276228028
8420.475241276583,0.38860139553457734,29.108130278705815,21.391146592777726
9788.02377973655,0.38741833656115293,29.664525595040946,36.12784818116608
6990.748119418207,0.4323048421185858,38.998869594881825,29.806077584605895
7456.095694569022,0.45367295730896395,28.76331011329409,32.49069701343106
9730.237255680991,0.2568004114964002,35.73970477141732,38.84158148673627
8742.08152060501,0.34963912521819274,37.536239909087925,25.08445403577817
9699.498782152661,0.2971656486515092,30.772485520655753,22.672972567465024
7562.842462487211,0.4837251411118194,35.569301651034976,24.18565972871648
9223.996504548777,0.495716799769098,32.239969955217575,32.0534127270894
9503.672913520659,0.2897872456278693,29.19834779696585,26.244662507606012
8003.242853498385,0.18091455815192664,24.32469382040586,23.798927609754507
6941.606662682692,0.12033610401654343,29.985532020530126,38.633555669811415
9113.149624795267,0.2627358379870356,24.787432033579712,30.556888629863394
7146.932106617034,0.29110477446558525,26.44994424831813,35.03695247642613
9174.621175872022,0.42834507502457947,20.485215826453793,33.057672309362566
6421.318647822877,0.458952391864373,20.62757414976192,28.908902163853192
6487.2910686564,0.35777654744809134,39.78920669992995,29.393252604653064
8947.917413579606,0.21429473662985238,26.444402517445035,36.06375678211666
8482.382458996351,0.3026596401719537,30.48048012301353,25.19129052899168
9599.654901327322,0.10232547777220075,25.687053429763445,23.894859591150638
9081.438350741268,0.25419837638698906,29.09220418658763,39.865205353518355
5799.8653394575,0.32016849114227436,37.193205351867135,35.96123426550851
9012.75210492558,0.32291088875233154,32.07084539463271,25.649371700600277
8227.313898741751,0.23803874365591293,38.7803298678695,27.575557716247715
5027.416995077849,0.11526053536317526,34.68411539614426,39.15944212676308
7764.866610951824,0.35254559430171056,27.978935239497556,30.6953539405879
8560.10527270787,0.12389631295246156,28.924482575985166,30.925642047183594
9618.995877745088,0.11761824238118262,34.87507426868403,34.27476829638536
6664.578258493241,0.2460156625193849,26.956607615360085,33.78147748034306
5007.22726482449,0.1528626733727203,36.701254359974655,24.6960678213634
9787.864436113221,0.4307741587207836,32.472686140341914,25.317820574781578
9644.728651908888,0.25824570009941195,32.540194315996835,27.342184770136864
8736.560006674777,0.32725450274629025,28.38444247270828,21.48801799662064
8283.365832234722,0.28265617066124576,38.46502776373282,29.51447645588069
9076.28959899639,0.285133406433466,27.49932518810239,26.292468031674343
7628.281622678953,0.10951101426806154,31.720959782949762,34.2600327192939
5504.580488873376,0.32087897888803907,34.48239213601257,28.42075120344605
9076.465471986416,0.39815870869291675,24.473709965010798,29.985354695034566
9597.352676156132,0.25115083555593376,24.613533934715086,22.165586450647467
7922.76519141881,0.3179232348532923,29.198448394490168,26.085736377571614
6373.913414672639,0.4973584787649472,26.561220938659165,36.96593625952566
6122.358512097342,0.1177390940539948,28.12034181427473,37.93654841731485
6677.958054671066,0.2988682940405021,31.388244704205015,30.516465622936767
5402.091500337219,0.30158136031314065,35.49122725127366,27.262665592138664
7841.668272250206,0.38188716044876786,37.43732190598996,21.05808550893429
6443.588062651498,0.2455082285055497,34.27096296805393,33.28634275701651
7087.012771197503,0.13734378314463563,29.41736391559193,21.89990674810388
8712.720613653952,0.2351974662219572,30.925978942369685,37.05393346152262
8378.259085707494,0.44928984111809583,22.27982992923618,21.9884707329552
7024.647731074334,0.22457916971987468,37.15984904412053,37.46735733291895
5826.7921485094,0.2351357848440555,29.553136430726383,30.323112943591216
7334.707817377498,0.29289095312677205,38.58854374683328,25.445814751440494
7298.814871199448,0.258363649230102,28.34176848897734,37.22141903924647
9295.097245327011,0.4055205774707254,26.140849578960136,29.288761676030262
7800.078130313936,0.3695671607129867,25.01842681049375,35.759392390910776
9623.831209818705,0.349817691901288,30.01229480309241,38.74049940183115
5644.92226393348,0.44535052531892133,38.14686089184102,37.88276748730359
6337.879974269823,0.4375316584597885,30.624355548203738,31.77022676462915
6962.835634128022,0.3131470719495823,38.38814276512224,24.525894701967236
8253.400617767496,0.1365561918846797,36.95352239771728,20.311435223358465
9995.9483815048,0.32452153614274126,39.40052634148765,29.982332574976525
9713.989021842728,0.45416409694217413,38.663676244916346,24.823747659100686
5832.17459540764,0.2684168757216369,20.668291541200094,26.403928189525857
6486.495763141447,0.3605635728637071,30.116012816762698,24.44135769127115
5662.681097542691,0.48278448636086446,27.170647606545337,32.53558610373939
5636.95544388369,0.4906397084501377,32.54302502957487,24.585419132280666
5314.676191234126,0.4089002159684389,23.645334380661588,22.274339217077813
5301.840846958199,0.17299780220170785,30.693807395453003,35.08809155767236
9441.201549351736,0.45981849434959887,27.852973745159545,39.14557005382657
8590.41882272211,0.40235310278956943,23.34564950720317,21.322417130929253
8201.883124434755,0.45266203840078184,31.73458411835503,34.227554301256106
8699.509442197994,0.14866858425850998,20.017948144511262,33.80276054800765
7063.224120060491,0.1082984462586285,26.148578645149136,30.016735248546002
8355.581536226367,0.4714558521898678,22.386149711147592,33.65074870042815
5470.568604799953,0.4494798217782999,21.872127016957425,33.16910128320343
5545.72377454038,0.3983336196092202,20.23314671878133,24.555790446498307
5578.203036481343,0.10889261033736397,36.71924515915155,30.025465019317565
5511.373690484161,0.3334689095033427,39.03359248499859,26.8894778451657
7751.268230400083,0.3165302131659772,26.40855604856842,38.50373557184277
7742.4015556468075,0.19153450406185996,35.86096130883517,34.607972342087926
6115.844315933915,0.43640256556136425,38.939636643267484,30.364510244508736
8710.549775460551,0.3067652792734157,25.19758122028578,32.78684882605489
9780.184774720961,0.44824942599246664,29.13056463719004,24.116058647967407
8442.263137472159,0.29035716213877283,38.661032734589156,26.976771131001485
8107.881818687955,0.4206696557023767,35.32209899089913,30.039519371700095
8891.306463659943,0.3856837242842315,28.4938704498327,20.706006442571287
5673.928780408428,0.38892764275066094,25.20690343322466,22.15109507378036
7501.2468537285695,0.46536406051044066,38.70480474888747,24.27961990738595
7085.509638677035,0.4138722854115528,20.59361379250631,34.50680527862616
7417.674945375444,0.2625750712078765,33.59764920927786,34.49604145668257
7460.4813393996465,0.27727944098236723,21.877251218978834,21.46029188166947
8008.777407099886,0.36986032356523335,25.771702384200893,36.58387815848923
8629.039135036764,0.4474070407054031,26.790017465001036,33.59664744707911
7247.053882324615,0.321829875556413,22.503948866572273,23.066229534293864
7434.986317646521,0.31650869743052756,25.22717540312733,29.74186953798297
9313.805972208937,0.18645164057809782,29.624450356621047,36.04031639010323
9923.691107706794,0.332063278355452,29.686352453539932,39.92266013438096
8703.930353819878,0.38980848333995655,30.0893415443346,31.980896337640345
8540.088779503903,0.3277262396357906,25.161739426016528,37.35152928271057
9217.802774459418,0.4507133609678017,23.66956334180771,27.06809760574057
5571.9252246744845,0.25356043521951865,32.48575577833883,21.77274466325905
6261.126591144817,0.48897569952449027,27.64578306260724,30.713481458238526
5640.777254806166,0.37591596269134897,30.718076797453843,23.034670111453295
6903.403323525265,0.4654750374403715,31.377319288575713,22.296254377113463
7056.289272083071,0.32057498311900007,37.93073525591491,20.343957792926773
5245.082451482695,0.11225645110686866,27.89965498042672,34.36972023329093
7869.640432346374,0.3486665004700035,31.8170921330528,35.13664960570158
6921.918012339752,0.4050176206504083,29.250631244881433,37.81472693910982
6481.5349094887815,0.25059242603524473,23.419777409855666,27.605800879377774
5588.759334530749,0.2352152604594489,30.50234054077074,37.76129017952328
8685.022453469788,0.2512744020806662,38.150459188496725,36.41475053006701
7994.761884752259,0.26312418342651367,21.962413783599835,30.249336968529867
5801.164356627242,0.11844063081782696,28.865055469915664,35.35450792313986
6248.394589107682,0.4899152512828911,29.839154311587457,20.890972422717958
8135.996604785894,0.18524478970958597,34.7562937542479,29.238734512200566
6067.51780455612,0.4017146833243825,28.75329635625333,20.594341223983584
5509.3734852127545,0.24556837607730347,37.63033804215219,32.06436711678446
9905.836091165987,0.3388734031209414,21.99395937039132,39.25697256384266
5904.954741145092,0.15924487745835053,24.91964884816943,32.03547946047209
7991.6549402780365,0.12460098544942994,37.4138396606254,27.328874217527616
9921.033104866747,0.38357904700758233,38.63939564637211,21.432781960560984
6149.063838066788,0.12777485056000804,27.863073956120278,23.406178739137225
6397.139229070082,0.13072223061916027,24.505535456934147,29.99479250843309
5034.601044705886,0.4675459355404948,31.772709336184015,29.73384215424657
6087.4075505931105,0.23764418969161966,37.959094447977165,31.808238319289813
9956.065165875012,0.44131930017153126,22.943660898087842,24.759829356238328
6308.942552306908,0.27964533211978837,20.46453269363839,37.7545999335316
6170.825333305585,0.4526628516088096,24.975659434048534,21.504288518934878
6909.259995006334,0.46806245796361423,38.12892601868586,27.33300438747751
5287.561084938547,0.48878061100451503,20.643677150301635,33.03618718608481
8119.433248271575,0.1543606053632629,29.563794597501822,23.9380075100495
9951.967764514022,0.30064285764758913,21.39690077166924,28.640803847855167
8115.177881485608,0.2578659509337772,38.65344027048921,38.072700546280025
5594.5192318384525,0.48461829600612194,35.295996278246626,27.693151094535295
6544.677717476667,0.11047644902592163,23.536966224200462,21.309476299019067
5941.396788106271,0.36012223478845595,31.60783344417524,37.14685667626388
8407.61216429186,0.13309167449418163,30.633303917456008,20.027501730953677
5189.147669459948,0.386021765257714,26.83176723721779,28.508844657077677
9885.79874465019,0.45011901001348503,34.16605489663643,26.861594798305386
7076.271450544205,0.1570090028255039,26.72598182837165,24.8879942046229
7144.131405131619,0.1200523875811792,31.32902209731925,32.25776851697558
5259.138633764868,0.43468635246213283,30.066344492898736,25.656845372137767
9475.570612801825,0.2607288225209232,36.02752261770456,24.2418282745734
6997.455222256097,0.32142607918835625,35.11269251766373,36.86943457956095
8749.880303270722,0.17556742451695412,28.142916351032657,33.42255626927059
9436.91889959569,0.48861978748517143,35.297696457985545,22.382567557266533
5413.311430736021,0.40965045476010414,39.86620404265929,26.128865474514484
8321.800223781764,0.3794475853596361,26.056689326880765,20.343085463133974
8722.036580641477,0.2549710855212526,31.54710835580142,22.870058985053014
9209.605610777511,0.1561930844350764,20.357015568827773,36.18333564664818
8108.874624333697,0.35111018815878536,37.01226822087095,33.82242411855225
8499.487370290028,0.13267131392319442,38.37397130520469,32.54792690460022
5930.924775314245,0.10824428320934887,34.97395819820286,22.472007249679333
6846.433739704066,0.38772990935287943,32.445141338139926,31.560724593078323
5461.3179337338415,0.2668606317518596,28.42731022420874,34.97072074187879
6713.23437115309,0.21505134029261136,31.196698597148853,29.388248141590978
8584.311733101516,0.34571754122979104,26.15346265072263,26.80952674574356
6871.568408374935,0.4836274043689822,34.60738632268523,32.11088161413609
6347.183807500395,0.26051376998698983,29.112106056292625,35.853525984384774
6423.624373652994,0.38944205216426264,25.77003467493831,37.32248043622003
7240.0092274573335,0.25277021559305624,31.964419342228954,30.250401024925328
7533.870364560931,0.30992668810140445,28.64730431226897,34.207640644918754
6568.140782403715,0.3330993628426606,30.972982456081915,30.337308866232746
8114.211521889229,0.12849299404879977,28.53957278161024,23.045468076095162
5708.324534676514,0.26930795472265723,31.44286637365356,32.98303657216078
7394.198317605847,0.10914916557343296,32.40713464735046,23.31696157403915
5712.77662906804,0.42351618750205344,32.65766265448245,28.61851431916614
7548.524220768344,0.2304851105343822,33.57437147603909,23.30332463495795
9724.78568047819,0.20492468641972827,37.89565612969636,37.27818748329833
7792.050807245483,0.23644982494701933,24.14162654813949,32.64552852043202
6931.015129087362,0.371519534274944,31.138756359770312,35.40595861035955
7711.74776910368,0.10779504540593027,28.91614021455699,28.88110023646901
6634.166429976171,0.47557430450773,30.181569470501728,30.18393374572839
9282.870854700508,0.2922129325240981,29.828976848290623,32.41995178279822
9076.374758896136,0.37556452228782977,36.13660040746656,38.4952280851624
7611.601928539292,0.14767058254583465,30.465701313599496,31.27228672715572
9633.421917072254,0.453997844317362,21.463229195081947,36.176933114413146
5423.251529142794,0.3745222893259075,20.668206957055215,20.471995848231927
5422.24123067818,0.2032641792376067,21.075370295518702,36.51574254206403
7848.473818025022,0.2642141735189879,39.956110766393984,20.840971882830175
7071.028613531313,0.15478128296401666,24.922457343282304,27.878644099198922
9106.425867665323,0.17958708037039556,36.137803656465834,30.960802581820843
8111.69723873439,0.24341227304443502,22.308192359969055,27.03548093269511
5794.3183520917055,0.45191836347901765,37.84477372831998,32.16005493906445
6805.4156770407735,0.3567518060691002,24.77778938469208,23.1727477183822
7823.407825057417,0.41865030321830143,31.862477396476102,37.373226418234395
6824.974894798602,0.1104041192628839,24.830429017644995,27.280902387296322
7441.220278616467,0.4137266907434897,34.08625352811647,24.914025698381693
6584.604035663154,0.49086258042463743,21.821776666292262,24.138922008659044
6053.528663017424,0.36432872413793727,22.51270180147064,37.15662729821169
9875.964077592967,0.21540119348989967,25.28327734255776,22.121281636726593
9077.392858995403,0.42294930124213065,22.084519365305187,20.689171232650086
9256.232045010973,0.4829374351616459,27.79631753088157,31.922241152180852
5390.834512156756,0.10816153078711838,24.801591173193657,34.52362034136026
7270.951372290716,0.135519450183627,37.36328094975716,20.81875629755569
7303.425701662252,0.49543715621639456,27.640245601002626,36.9281230258732
5637.955940511527,0.3203979140117398,31.938214355215685,27.069424442495816
8775.373153873656,0.4309956654705753,27.825365892686065,37.44196405930332
5073.977320636879,0.21168557273111505,24.356845024034065,23.40960622446444
7471.625087412198,0.40718189180369174,28.491207329410848,31.74216599921835
5500.557450405208,0.45719548068173255,24.842114142630756,20.88916109283484
6576.135223017951,0.3201423086801384,24.47440321993774,29.53782320355492
8801.671499228501,0.372218847245013,39.22320510300662,22.47096690220286
7930.505279766732,0.2888434476664449,36.56902226935149,26.74889498423378
9694.747676654217,0.17398956404739763,38.93925222316319,35.46449243737258
5347.026069697615,0.3596720607823787,31.961884859380095,23.871824839364702
8283.649434428104,0.26784437740004796,26.863670466124454,23.398214201326294
9993.867824368655,0.4301302113895129,34.02268096368881,30.418850698897195
6837.410541786156,0.1329920360625983,33.58056718682109,23.21997348793605
5597.840245849833,0.3744053023667382,36.04377538135128,25.723743723939442
9569.939768408967,0.14304315674649526,23.1796165115706,29.173243671292767
9945.497366168462,0.2839971860853737,28.20579172023315,38.12704935589323
6398.426892046261,0.18284313118788176,24.10724391418139,39.88426264320775
6185.220584014523,0.19657791613281855,30.982451504173888,31.17024311254978
8654.350639314604,0.3967320228066519,28.29385073643518,23.13070613002557
5160.535311000944,0.4119245956242086,20.052974431965115,26.085714552627834
9305.89507363293,0.3803520781888977,30.908721509753768,21.09114514646287
5575.571437703203,0.24724165246610685,35.63760696289215,28.39215866886083
6179.638471742874,0.3304148416964573,23.599858992889008,27.193037503350844
6395.903032461798,0.4983826392168831,28.628326026306766,35.893192244184306
9240.132536814443,0.4977105276143713,39.47954487601938,39.52300395136507
5633.06659969814,0.13947253257333286,24.24212322473496,24.810271128706912
8268.98386412981,0.2813330572571484,37.6721829790069,24.84405690983007
5047.63958447262,0.332249190708065,37.449725365103184,23.23404168012028
6097.748596704822,0.4463456159563546,31.14909204601897,36.065641690624616
9753.015202451832,0.20112035606539752,23.219537479541273,34.693827602818885
8212.476660881552,0.45375412781409874,21.02751252297033,37.1140635982394
6034.599876281043,0.34395354831822755,23.928496668628682,21.197589513855114
6109.703375283674,0.48714661456645986,31.76273510076696,28.577207648197245
9482.603946842002,0.1127132463277023,33.768731781632674,34.15455605395317
6258.271186573587,0.46179355916829035,31.1118525782267,22.794686053446377
6832.068501720724,0.15514352834580525,28.916377147234314,22.01793748886822
7180.314728711515,0.3356978610531098,25.754993612942812,37.386961800554346
6333.914164646755,0.26176496081783407,38.07765760050136,27.933960831043045
6563.668020267616,0.43425746560601475,34.27614435186762,37.06911399805182
7242.01140906551,0.30366920927693375,37.39210390233936,35.58466754392403
9998.268485838424,0.2560258875756891,39.37916637989268,34.890363455478806
6218.79161897645,0.21166402929500355,36.56473181236042,32.130203218647175
7354.09092375445,0.4870968906851318,20.886901913039743,29.586509834543477
5813.432750870732,0.40930156119469213,24.93168280877202,21.1722715584903
7871.451332594803,0.3477298754451065,33.31689259947154,31.227695881805325
5125.411735992396,0.25237027532140655,27.693986707003486,25.78044234619395
8489.497227522023,0.2938165608763107,34.058548213384086,27.56695923068485
6190.157562444044,0.12228230054733824,28.565026696754632,23.16247833653392
6076.6504773271545,0.237834576503494,33.71978654329403,29.71717035400467
5237.553545833677,0.4597860294210609,34.07742431893822,35.41610896644862
6873.703554196154,0.4399778086096163,21.48658225109943,22.504940509905502
5961.699713576575,0.13367101220940003,25.475791512553776,36.08184829620021
7345.745366470539,0.37472753508294177,24.94674889267325,36.613211229976045
7861.680917941335,0.10192625573532621,27.11390147030017,35.51181669058451
6484.58965986888,0.3276649569647733,29.08193605847526,34.766505361287855
7964.034124843386,0.41114332189612157,30.63352034828621,20.443787447000673
6780.8206189087505,0.35623398412887153,28.512935275600995,24.151262649838156
5846.771818269064,0.10476136216526633,39.802715915612495,34.79199022819125
8045.232186913878,0.1276328098652761,29.22607398109541,37.321947893027314
7499.494283446034,0.4190331408352245,39.057109608184554,24.128387752491076
7918.626812567401,0.37741886813564907,29.44381815726424,21.7075617621259
7340.304585441854,0.14388909153136398,21.471520557491875,34.99872242494331
8635.559748337699,0.15925947434765292,28.95921600951869,36.08404625173424
5733.5366182593925,0.32269755257725524,32.54464741999872,27.599908924336802
6809.367242075788,0.3487214092796468,39.62987051959061,34.90272947724509
6580.4274705763455,0.30701914070762903,34.21481830493004,30.210684583734203
8447.212224591865,0.39277542081738526,21.41185348963923,27.310154503667288
5245.227829332046,0.25277322118998335,26.82833297228364,36.309836088671446
6151.337543981081,0.4303659689364074,20.97990293952449,27.57643412474138
9568.7001361554,0.47294037990358345,38.36433342779918,27.631516320680188
5285.38485369581,0.2369676793791935,36.91829869350619,32.947846846200235
7113.327246957704,0.2458690536898226,28.383108682363368,36.89413552013247
7654.330466484132,0.16424298208200772,26.836441911258632,20.872922871425743
6791.575687071874,0.2439859542909486,21.753409468036715,31.521819475387616
8710.432051201757,0.3025357471563021,21.634176505547156,25.65180360123623
9633.617273242715,0.2625541949743295,25.806267524429668,25.659507902319895
7874.835456050048,0.48743380298863864,23.130713096381605,35.154545690038184
9162.486208084138,0.39558307113406826,27.74475311857936,20.512338113329815
8707.036066810402,0.43773258433153706,29.209229300668557,23.684686637512865
8308.230986829558,0.20965035483270705,39.74118323074305,33.40076643900087
8636.211817309319,0.2804979236334333,21.739804631819183,26.45881992369449
9428.520834530205,0.18171983709451633,34.60578973039278,28.67918272743874
6960.499919131063,0.2667754890002513,33.1281035920738,29.357515531405014
5457.510120525365,0.1904498912447642,24.04666912243013,29.13162643408549
6540.786879451626,0.21264723152288628,26.212430374467818,38.831124197919976
9182.666937874306,0.12808527304916012,29.430976106762266,25.39953351888674
8116.570016434836,0.30850225168636314,25.35768829061558,30.584919712941435
9389.267241668436,0.22237794613007394,22.817856172113892,36.56105734473238
9494.696844521524,0.4715944761264089,37.270132592285094,34.46415191336664
8761.127258803295,0.48196826817311045,36.50739025400172,36.483542452107486
9187.535396759096,0.38098342319654666,23.566782802204635,30.570650813396547
8484.700629529783,0.4300433739126116,38.61329850054795,23.060184228693743
7588.706077747031,0.3039052896644733,21.4356003658619,28.003976845386504
9421.402197423737,0.3181742322468851,38.28330175562172,23.81454904835429
6113.431668353885,0.11408270495680461,37.604032759990105,33.17147271921526
8519.721435069034,0.16276107797550998,30.946847733582192,25.848916519787572
6421.757037689633,0.42734126108313925,28.511159226711946,25.20771421947881
7748.794187655278,0.2622356772443317,20.385146004129183,39.23510449042875
5471.087016527826,0.29873060325064404,37.73664567275851,35.03653138020773
9839.854460279083,0.35536352852184494,38.0905049879717,32.91719884641501
5879.49855654562,0.32795915893377997,20.89926220160603,30.610218948458186
8963.597332813426,0.18346804272683104,32.52405863231832,21.871590471372254
6165.98704476793,0.38422469476834165,21.85207900885578,26.313131718257292
6126.7503765090705,0.23378718834966083,20.817614973528713,34.566137893599105
8870.916174546026,0.3975755090833351,23.984581856045374,33.22585215865534
9513.632002125798,0.21341002876772236,21.720677112589005,23.006897580417537
9892.573646236859,0.3456792704013212,21.879040611763145,28.19669327068319
9801.48222127046,0.303493527646721,28.140142096526702,36.82982690911409
6713.411179172677,0.37158417546853445,39.49751053407822,30.7622340274163
5877.752051951519,0.3494718959806872,24.340704916200117,37.66574743655731
7058.376650261349,0.2466111474768341,34.93973637493978,39.04056238176575
9486.461179303926,0.4968612685775363,29.062963993995936,23.766035135963822
8574.392558607962,0.4038367010627354,22.57372682782058,21.84188588620576
7246.661440954943,0.2728465960837034,27.09797915997382,25.006657591580552
9714.355714976931,0.2001225324111176,24.6233812492899,30.08048800737572
9144.643899855546,0.2690305306439299,24.015378806935693,31.979088029472123
6076.485426387508,0.24318102865111713,33.153282917944246,39.12069519536705
6057.5660551808105,0.4417456995917474,37.479121078064985,37.85789979638197
9193.101493185532,0.23564271933465153,35.23281625397713,37.128977093659216
8027.805160944221,0.320366204203837,28.57382696065369,35.37289162805162
6707.9895435530725,0.3259332924683572,39.54990846285881,28.633552776946534
9238.370807664698,0.2382707378067575,29.84438269616258,36.441775773028226
8633.636116223022,0.11667134726236328,25.02417122533049,26.342143268753166
7740.838351758158,0.49296035874752175,21.097319283022877,24.566056580561764
8733.837256193376,0.20068354390223497,33.53440974312436,28.386400097721157
9947.628887503917,0.10201728093371082,26.7303539169555,22.773654990845134
5958.851157000316,0.4125759774951869,22.201644024870436,20.151710145420154
9635.867502126162,0.44567260260663616,20.362122350951328,36.39599022900916
5093.908199703025,0.2422681468323758,21.3446887276852,29.810910346281243
8331.426784787907,0.2267441289946931,29.396935880337924,30.0106947745153
9986.976522610265,0.28658300511941553,35.66829972046204,21.356341200591476
5801.023762279638,0.16817226464731916,27.926649927656136,38.01781100539708
8305.255777074846,0.19913498387737916,22.944745902519173,34.99254022078409
9206.760313261973,0.28728712292906344,36.548783716984154,21.785919108517295
5372.970370745786,0.14372214135254524,25.6868964688464,28.105444010563083
6627.373245422098,0.4448041798146363,39.82693206205451,39.381015062753086
8270.621944321718,0.15732275143360464,36.719836390384025,36.987630420074055
7882.168997662439,0.19018650956074323,28.895001600640395,34.396834162310185
8742.625074769065,0.13122896296927578,31.256880186414918,34.7557297106292
9907.20970901546,0.15337433843091142,22.41372518003883,38.63277665447318
8930.119711932282,0.1990360759558194,38.22999101704461,34.877263295044536
7197.940892578539,0.2786202005166465,22.768271718412894,30.130722657672074
9503.6744589338,0.17878443484009832,22.668147907620277,21.462901396664027
5966.657186176776,0.4979842256200315,20.2494668423128,30.443325668281176
7508.542807675491,0.24010831128791404,32.197962229494216,26.760832379953595
7033.796602714008,0.3235898068419061,22.337643857263444,26.96916791218591
8525.858217755529,0.12047342758284751,20.80438270350953,23.01568685697831
5552.585672626779,0.11631474058385749,20.284459256626487,26.12469384981049
6232.148948955569,0.33785513289565355,24.748684024487314,30.350700641819213
9283.509420938159,0.49263277980127873,36.60623261393735,39.7341387530967
6061.493962516418,0.1345591295111621,25.78102537575336,21.906456333017715
8853.850976971047,0.3142510870330558,23.815503789308888,25.658013798607378
9413.494695989026,0.1724614499163405,28.47632538210204,20.346583166148488
8535.173826871287,0.3590096812185723,38.935983155069295,26.14817873648881
8307.447389605117,0.2133244049034873,38.2110264722107,32.42226473635299
7759.104808976112,0.15928287426673143,22.258170602552603,25.54927324086487
7461.443955317249,0.19083373718450958,39.69215820049884,34.975390532850454
7505.745712929496,0.4034401314575068,35.89231814418642,38.09998706416194
6215.015254770233,0.2767238340644049,33.74387272286728,23.346201170971405
5081.930624266806,0.4348832807062729,39.918066809383475,38.343808808612394
9141.03782105582,0.27517474935514413,30.359349124661026,20.393446732712853
8301.078853152387,0.21641104175768533,38.901843454484116,30.003966682662515
8842.739885996052,0.3157347381918735,34.60557467288122,28.34780126727891
5484.971916077787,0.44420415822097425,37.927826092960174,37.49805188054313
9484.153815544652,0.15252138923337655,30.177577913774968,39.89870089580236
7828.272980148804,0.4455946500881059,24.58375100125283,36.12486866164995
8004.011768710034,0.4492967500444168,36.29432947632941,39.55595805462508
7075.3420404707285,0.2154399456588179,35.37447579588966,35.75647995788464
5846.341097465443,0.46333191347306457,34.701609417561095,33.59963231004656
7291.725265551342,0.11697911999971938,35.601809935823745,30.53860249362542
8302.236852753074,0.3046198906122774,37.37885077673802,21.761080652730346
9472.577201006494,0.3165955937295621,32.37999982163682,32.03938365985266
6727.404685732901,0.19899895902819753,31.183920860113847,25.153073528459565
7856.606987267403,0.3461668779256918,23.166532422023167,27.62359481658217
6025.596163622768,0.4132938762652679,20.57705100268527,33.93536911677849
5401.465077644827,0.35414965502967877,26.44780494178807,20.953043098548093
8409.472911105375,0.22745239798436173,29.11336317907691,34.85905638820841
9504.078409366273,0.3331754975760517,25.97881319379765,33.3394771955238
9659.496788699624,0.2928453333223921,26.99997790010706,31.988027514694142
6198.648828696778,0.4009359613212346,24.50440861517194,32.17433883400854
7950.2654232206205,0.3852077812399904,20.11828606093437,23.95171524405638
7434.931861185189,0.3616652224926181,30.57166394848757,24.85177707161577
9899.683293631355,0.1004967588035261,22.879018214594392,32.18413518836864
7489.4565435562,0.39782526181523825,25.714919001801505,33.142626613937054
7877.116493573119,0.36871292235715514,27.150315943312485,31.617288972887824
7869.121498643601,0.15358432580732395,25.91910456463652,21.3007431153393
6417.866256616497,0.2331951328661001,34.464991130154026,20.829276296669377
8498.102870463892,0.42416174485183356,39.71447382516047,34.778398682463795
5323.623240675558,0.44628183660286835,34.636674854610504,35.6163293071053
9368.551366137566,0.10613117507187941,29.011244744529215,34.84408591054748
7285.917152650811,0.30901153144262306,20.42120036312684,38.94541632094182
7563.856949993031,0.3043136125531203,21.928981103554182,23.36157253210293
5229.287805438193,0.18796245522139848,39.14627888544706,34.90387376334865
9876.334371665711,0.35538076856454326,29.796241092899386,27.38679499823035
8911.043005171736,0.1263161967469011,20.238391844458963,30.75424596162486
7794.846185872517,0.14873974948685686,28.812718255464073,21.698884043058676
7324.163159533307,0.472979978955386,32.91447322928253,32.99950449478385
7760.948742735313,0.3839550794824525,22.327390518380327,20.583255250927685
5457.748308527441,0.20281209068036837,28.508638045947883,39.09790137070092
8062.075973901343,0.4227470279654918,32.29726099485284,20.50220728209902
7968.185023372139,0.4068227316995213,37.21223143503583,22.197203802580592
8641.356845532298,0.3321007676934049,23.922425483086332,32.57807028068139
8905.683824001682,0.2061164452240683,33.58014170641211,27.491351084413218
8041.333507593368,0.30093386503866515,38.939391777562605,34.98825699582997
8246.377491336181,0.14055793101221953,23.022864194153453,34.20664532734872
9484.150536873989,0.3946135876250227,34.48958426042807,39.43342619525443
8612.073145418992,0.28918498502021217,39.10284034959621,23.76148991941283
7109.368736921432,0.44596671929872317,35.20589169185102,36.93814220840851
6120.258993981755,0.3432519575830386,22.27342019487878,34.39257766590745
8832.369979556346,0.2681909404469047,35.03379776978759,31.245365495837945
7777.098990956427,0.43115793380935336,25.39401095469272,21.26542591608384
8867.98218271607,0.39122284940661434,24.808175446690335,26.261779386864806
6899.764435642643,0.10747377501357769,37.5172511375672,24.685101761794265
8976.045787769144,0.24372818259843015,35.30930169053056,36.6555828992727
7023.040752816499,0.23823816054314534,26.709268005191348,34.00941570247004
9723.352127289494,0.4911772668088147,34.5780249746014,33.02407778266981
7137.190797057117,0.29798213531976087,29.161589052585608,31.019475620498458
5766.469012141235,0.2970485691499537,30.999239854690895,22.983964028934665
9292.73588921301,0.10037019264060998,20.12977178302807,35.1734177432056
7929.102317717537,0.247243959217414,24.402744764654685,28.36046737468708
6467.3560846309065,0.23290795177171386,29.772528586281922,23.344307091659495
8379.530762870225,0.16587409590392843,27.417396128331585,32.9090525192553
8272.752457481602,0.1029924941019722,31.16659968415535,25.571477328516675
9302.985152977042,0.4749062382496359,39.17790224532209,31.73670628441483
8271.036145458258,0.25307706361608107,30.297149552442384,27.898291492157014
9075.717902158318,0.24143266976349131,26.056131904312917,34.23577965337083
8282.768785980636,0.1869133654999075,24.959217532129905,20.823081513187425
7290.970264729085,0.24766909745255428,31.270545186685403,29.96191641638209
5108.394217542667,0.1008893809300338,25.58137696821495,24.152173426277226
8231.133020822406,0.40065683874448366,26.53780909700727,26.92082244421355
6712.01031627136,0.37167545849585143,38.40456904045483,32.665094148935495
6868.756136458584,0.17989228647401723,26.32298005990359,33.69546808770639
6253.788399096734,0.1410361469939938,30.30750077850289,36.06171876659029
9884.346620704142,0.10578076391292801,35.97673902193988,21.504815493644337
6441.420059966942,0.39608407339831564,38.66723379177585,22.229316908963163
7295.6493210079,0.14779676138312947,37.95793060278493,31.0239777598538
7885.641757905555,0.4739887173149658,33.433550594397474,22.94519516081008
8383.008994633048,0.2538270112948548,23.063386651940778,37.7050406247231
6387.328910005965,0.42554409551813727,30.294848493893163,35.509176105601625
7350.226726787741,0.47916808316709264,39.04016215576818,33.357482990463325
7569.290000827237,0.3548167413140892,31.97883544149896,25.50948184631416
5666.193103680075,0.19135155166167594,34.13829044819959,36.41459451719355
9202.260727542516,0.46925715196448414,33.01613298903522,33.76573201547107
5712.881955321043,0.12264683034497026,34.67687887066586,34.27093261118623
5516.490713349561,0.4912346043771099,21.425259691775437,24.82496871846976
5943.234192508175,0.11952378696538457,23.30222578664259,20.684891619747297
6167.841759033047,0.24617886345590184,37.24872055942987,33.49117251774268
7642.057691890789,0.16399406320015397,39.00233922033251,26.810900567406485
8806.394993944907,0.12495525367094856,27.878815861391644,36.21481828859698
6842.933191367101,0.13136043259967467,34.235230509682246,30.009832131737532
8816.051282169716,0.3401981106924803,20.978936646217235,37.76389498298242
7668.1075727286025,0.1746321136923359,39.74299411054597,23.516743457290538
8743.013532566954,0.15868556822416963,33.95253427521202,28.638057707811203
5405.017841377146,0.34690434981906865,22.018999802039104,31.41980355259988
9925.541342010361,0.34965148676229996,20.95088392795195,29.68620451389438
8029.512187427725,0.42204269210747436,36.43625753320414,35.53264655370097
5485.238258484675,0.49905232653964304,32.04537909593325,26.478622385136127
9562.220983797662,0.19318183869006733,29.052957340651226,25.160126539522064
7116.941277172972,0.46340316962044115,27.772844222561176,31.66249791947722
9762.683486562957,0.37194225388786756,31.45765906629554,39.990803372817
9436.543543674608,0.4281037868372054,31.266592146023363,29.667168337183206
6149.2989986501125,0.11470119326625389,39.98972972012468,26.41508447304443
7263.292727920294,0.2593609354160977,37.426712246222195,27.854018008389264
6487.11468979515,0.37365720397497654,24.227079848575176,38.053401214989634
6959.067470360543,0.496574411605461,30.116386046247726,21.337409187983138
9209.505731766218,0.3287700391802403,38.58612736485565,36.011699076574615
6690.863118620649,0.45091592734192676,38.73234384488942,36.6715351382737
5080.397465648826,0.10009395312605196,22.857460996988774,36.74752280277805
5395.3253063315,0.24808695434897826,39.57907425290722,32.46766881214369
5742.88410324114,0.23076338219265224,33.09608329392199,35.62122375483153
6871.122073167858,0.48213506209506246,30.45833791840227,34.470657807068974
8011.224877342955,0.46760901451998804,33.630070382133525,39.9512803552959
7342.127434228369,0.1722830341059962,33.099078232920945,32.452117028374104
7972.645601057694,0.3552418616315295,35.17206386546748,23.94937402218108
6699.4063186485255,0.31305558207002976,33.595768250505486,24.239651202624636
5425.496933005432,0.27948024005465333,32.029020640138214,34.1749815348254
6121.921559057049,0.4531393460296685,38.5068231567718,24.399010339712305
5398.955021707797,0.45228344303152557,34.32134349748913,34.84412536796615
9044.468243994994,0.11869917349107534,38.480498189245324,20.70078903869386
6253.408767444335,0.4199001179535655,39.79742552383476,33.84009822449798
6488.702259799607,0.2611225227481524,23.99616281697877,20.530998596918312
5732.972039554406,0.35927662002515864,37.24530817602999,24.38385800120359
9490.759830895715,0.2524726005109847,20.535424554104452,35.81226810045925
5640.923621233555,0.323631226707472,25.561170411030112,29.424522843773318
7488.465287517014,0.12226840229306041,34.85418260050021,31.29911900488147
5099.8974620007575,0.2037921246340232,21.320763927962368,32.56143755052121
7824.435459253964,0.25876148087680617,25.5722212138267,38.6374424085744
8692.39755027375,0.4742155944683503,32.013476733490656,32.04875110462811
8212.355100431225,0.477376579827832,27.338143921690417,39.83817014170724
9613.263601643104,0.11519514486141769,39.43738833529942,28.206605228805177
7119.319016751204,0.3009613249338771,34.41856653837912,24.36369435092966
7751.518178389502,0.17129031379794651,21.671217192428415,31.750942925838856
9008.44652772125,0.1050803168801599,20.0442062969702,37.11956217779921
6328.223893269609,0.49334625558092887,22.5234849139167,25.860457037744663
5274.940006819423,0.34117621777650803,21.2576786475778,37.956363822550884
7189.5142972563945,0.44154589126526045,31.89240440123873,20.216366370160884
6890.1351988226825,0.23973372986523056,34.5350655365523,36.76683879524899
9837.186891416535,0.49209744610291034,23.000975525954374,31.903870239322956
7840.731416385852,0.21248083256337325,20.635797166193125,36.57721279150762
8841.813894127627,0.3004986028891199,22.87298867071597,39.33130144532981
6820.207909777761,0.18368653404301816,32.06024410025961,26.30583600296447
5792.1714012763905,0.15260435901918,38.13767970020703,28.772827866343018
8597.385293469826,0.31660616845105055,29.60370391644126,28.93421275214419
8833.893695305576,0.3840156000046586,26.08879894048854,30.576032464442612
7713.2079468307675,0.33377508020673713,32.840985073279676,27.704881911396768
8761.643932054616,0.1600144615639083,20.2201718155846,26.134875242970534
5538.229988244694,0.17138665293020067,38.37799488394618,22.132316413205658
5709.008603582553,0.43158370877872293,33.24980735597798,22.979717252272064
8617.835428112712,0.33334128537575347,32.64521447024707,36.17260515547483
9682.5617313357,0.4875162963010467,36.843103484558874,29.72285653053538
8754.755544499842,0.26163964717112864,35.59788575614114,38.91392748425706
9567.700598154845,0.19193474999174476,26.469318002390605,38.187727888280165
8994.372685350849,0.35641511979716783,31.914293702502583,20.37675680266957
7315.194326937843,0.10796177693287057,34.04805127098411,39.14832822485724
9021.734436789844,0.11365739818332399,22.196799680951585,34.659325047366295
7660.262143442704,0.41836454104695375,26.279089069369313,27.40901650589987
5743.215373633337,0.4554194061851275,26.81139973267625,30.7853317902949
7920.837023337031,0.35336968559090665,27.203882261951364,32.45315707770295
8796.154955017755,0.374393882895239,36.80910043444775,26.740666450528316
6722.22738528826,0.213062924904306,25.95207788275086,23.652237680569176
8282.752858172149,0.3152493709063191,27.324353373140248,29.69898633313414
5438.42239662957,0.38596809047231545,34.219414107343106,36.64474746346986
9558.982496752491,0.2863866063731185,32.45294061043264,37.840101651531654
9206.470709894495,0.4971210043224288,39.90726919830277,25.97574577528022
5784.579865290358,0.4217863709875388,31.72052821807081,34.98106124649548
5607.614110037674,0.3696845531649001,22.900038303740775,31.88222304517232
9988.264735732237,0.4190490425778347,36.507842788474655,35.82099072913523
5299.9407478140565,0.3849670810983836,23.571379245646074,23.302020180048682
8730.453349598898,0.2651189614985452,35.01029897733958,25.520331467757664
9999.328980532995,0.3994148181222441,34.40241474187115,36.86926651691738
5785.791452610673,0.4814061659753672,38.43373232404138,34.15514396686369
5190.057920514847,0.45913243309214435,30.37057749729245,20.786240846892657
9814.92033163855,0.10346726576913312,26.36621278973252,21.028324638150842
7127.4565459022015,0.4485132278715376,38.645248556006635,32.75076086897889
8965.155913698047,0.3372846101296637,37.96029212443369,31.813110387872086
7291.155984767547,0.19362039555088417,30.38961398446839,25.88605405611173
9076.805633970162,0.15637594145096423,33.7812954293487,31.290039448522684
8759.961830150622,0.1907870383514252,21.733502100139923,39.204254916648296
5221.665286162203,0.2555118302777206,33.21663435994498,28.544063451075623
7064.210500660925,0.4675128521636357,25.489931567580157,23.70672219150766
6400.683882070281,0.270021664685539,36.61762552442262,34.61579654368188
9557.094790066842,0.3902610958867322,29.834025323785596,39.96704135236314
6855.73372436217,0.2345089550441652,38.396059806391236,24.868757057699128
8915.886340650562,0.21323709431418741,34.69148073607328,25.61978230853762
8081.177983697027,0.24506752662851256,26.766620246483228,23.56153326351462
6900.72676073852,0.38748252382876425,36.554290668816535,31.6493175478994
8607.534077419608,0.12151991665359296,25.378202791470464,30.785390688120387
7709.754680451752,0.2221381066883022,24.379978100166593,25.35157436692866
8122.8622380573015,0.10694508648119122,29.600739753032915,28.22459738958789
7925.975758799137,0.11155091580377613,34.87494700426812,21.43748839491532
6538.351254291324,0.4471090574056754,35.826293853316386,25.671808629727572
6197.087151353476,0.2663835085173891,27.97541452394988,25.688827769939643
8530.753437582367,0.3551877167658908,27.793745533083882,31.16806340525862
6083.232348964861,0.2506321520381926,26.127848256591406,37.21780713699593
5921.217742312325,0.4862155394347999,31.529935084746732,39.24167970986122
5527.7644009152355,0.38294638126286756,20.649964802511807,30.458389760188318
9011.812971284628,0.19298774217151465,30.248818960702295,33.12222457057402
7626.372531887521,0.19243323576790156,23.372680011815966,20.682662102566297
7023.352470834349,0.423945164526753,27.97456663901196,22.621192749689957
5683.054243085041,0.3100499801126779,29.454887624785716,27.214877154348443
7996.542965796565,0.42046115734982153,20.06275526265573,37.10374961977356
7336.00099494919,0.4558509777357171,35.27291402733166,20.456688532064135
6468.699858523478,0.34561626859475764,30.20228065548713,35.94342804404523
5845.858104730592,0.26732515179335586,37.52983330911507,38.74765330664
9341.042009893612,0.39139521567534824,20.222499776225394,28.237197670733917
7299.31856114283,0.2506165648278824,39.362631268852496,22.501840307855083
5067.088900385609,0.3551048812305766,29.64132069098124,28.16647391290769
6550.730112231273,0.2772905355098251,25.326991148568773,22.45155455048079
6810.613031645967,0.410386462288291,32.9730525462424,33.6139554045809
5586.913060384033,0.24811880315168466,35.127438153034966,29.580840022403287
5209.36460427337,0.3845443817742278,32.32910478861042,34.91593161333132
8273.227406725262,0.47414077656275333,33.08426835576229,23.846168129271753
8355.002502667568,0.27622241872683995,32.843158709528254,22.631615793374177
5725.09227787039,0.24707209299014204,31.15342652535694,34.84322460816574
8504.38174667597,0.14992724457612666,20.963469943755243,36.147821294307676
5636.25626011814,0.3766794259804865,28.85007438130184,22.983429513682257
5439.03436464787,0.4621860636030065,30.439660197777975,28.01024864627338
8407.689326427739,0.42852677005991835,28.92416784670029,22.301464199547038
5337.912164917698,0.16075609545356134,30.285686845029176,38.134867551861646
8813.341486898938,0.11453707782020467,24.58361775700527,24.769352138041384
5881.169716145817,0.19246634510660354,24.465422497000603,22.374325812130234
9981.179778778482,0.25462202207316487,26.008648541760337,34.193152384218294
7490.910210402687,0.39568765910699943,29.248158797768824,39.54261122870306
5042.145700965347,0.125147511569341,35.72773509054707,22.0965610280094
6154.540055417863,0.1956944204412247,35.97464508584482,32.36169199018204
8797.315571461633,0.26164178376385827,34.750294180851434,33.298325941816046
8861.625881530646,0.3517489144628697,20.692685137337286,38.225179452494
9991.247237687308,0.17292910303897235,26.41429920181756,27.4721215031956
8708.881917078224,0.1151875896754751,37.575169475575834,21.426527071993064
5372.521862824703,0.24546631403587355,20.9496796999599,25.65252443036487
6263.542621888723,0.49407542367419977,25.938831067104747,24.994934346756093
7373.400422004093,0.31487182246958784,28.1662363393585,31.815807743101796
6039.227589413519,0.4549391896799352,29.246015318861254,34.10903843537106
8515.391331235227,0.4196190148462956,37.42436452909082,37.9926246432363
5075.331920375966,0.4135798382719314,36.77264034325072,21.006796046453072
5324.191456614206,0.2431214121298802,25.45981335673489,25.382206491574628
9349.975181501075,0.4479251617426828,38.00999539070395,22.416832470121662
6803.311293738933,0.45277585398868125,25.470185628818463,23.7760307995493
8568.064007371813,0.4412240832862737,35.28977513707595,25.562514789186068
9498.90706734376,0.37519580320011814,37.88496523871862,28.83440524441954
9263.317254087207,0.47534383509359796,20.126726176066295,20.217062554159703
7315.466671042441,0.36724379095465487,25.6171744126457,27.47985492095473
5892.888658907518,0.2733800543393809,25.020616194151515,20.599825145730016
9894.937489687887,0.40301754455532424,22.110369109564182,28.958390101635917
9892.64923160134,0.3322816307667923,28.202122438472053,28.910617297378323
8316.336289482091,0.21829250917205484,33.811086027888074,35.66024743980338
5035.852588103754,0.4788457898870415,20.475488799521074,38.39951175863088
7820.20232761677,0.24247374438433028,32.09062904557472,23.019787004451498
9726.768234905132,0.22847969523311656,36.55252432925151,26.740615308678652
9526.856435811394,0.3331323979329145,35.647346620398736,25.44387546364429
9423.859683479914,0.10798089828652624,28.893777666628353,31.640369068968106
9799.075222742185,0.3573493966681637,29.44041246899218,21.22836047254482
5634.925995641493,0.4911543766463654,21.093846115534408,31.510235110848406
5569.6735956620405,0.38372668552689293,21.554931701584508,35.1261769715538
6131.448488968439,0.34607998579552723,39.15808315939715,27.325992737928793
7015.216084904506,0.21580857189667785,33.221725191863854,20.29262964240245
6841.296469810259,0.32535853452636554,36.541581943009405,28.653209678676383
6110.381484457794,0.38612259528728915,23.469650271812725,33.77666554639507
7291.820923270387,0.14997324356311692,38.22698588870844,36.646653134158385
7637.723561873934,0.19539862837081667,34.04819132713105,26.59587014792978
7671.6535832199625,0.49082444527848157,23.804826276971752,38.577340271306745
5378.26384157033,0.18088240861848948,38.23814326087421,38.95657655490865
6568.981402981028,0.27731114878046226,37.39209754954018,28.18704697857857
6358.885517163624,0.2625238458012744,33.70952756193631,29.37345350238197
6563.069343154994,0.18198013090046294,21.229316704519107,25.347374636543517
9608.33118200138,0.4456942448892586,28.674242225307523,34.39987738612998
8259.054612263857,0.43641178306984574,25.768587983802313,31.30135007256939
9662.415615545979,0.3159022410022989,35.29981009036725,39.17139743640278
5115.124957600187,0.3151426276564393,27.58793951958662,38.704750811871065
7137.908594694767,0.45363000663431474,28.674475112978026,36.58545337649951
6846.7037024288165,0.36395155854979533,33.3531740133776,33.23034746233386
5824.077301590073,0.32108341734476337,35.054631605542376,28.47318695079518
6939.335151701547,0.1621875360341502,32.87675837534695,23.395450347716395
6947.543982697337,0.3644315850692709,29.336106243117392,29.96109886957146
7207.396106994707,0.31660611862227794,26.228060045397044,32.46041488507683
9562.00858879016,0.26844574324477155,34.50168465421295,32.446744120629944
7302.453259967571,0.40738377199813514,39.09879079068719,24.858794282995014
7351.347990913065,0.4189989397950608,34.55205914302141,20.518201750880998
9757.841745072752,0.48012943341008074,24.97904803225341,30.737217129615537
6820.370887373469,0.4944699984090849,32.77802495847055,25.708869211963467
7909.453514994908,0.21815757669706898,27.35815982881406,30.723591437593182
9472.51736298481,0.11222432444190883,31.817011644796693,23.140540140188254
7669.279328238097,0.32083386600559866,24.047302090375453,26.339889488734368
7624.408749594387,0.32064760096109607,26.649218756529585,35.85814125693993
7777.079241368309,0.26642811267357414,34.23760137292076,37.38498634598434
6338.774802894339,0.35576091652096953,34.62763684253473,20.143083109538587
8981.62199504378,0.21151909261556345,30.65002504778288,20.169575194235975
7668.97330798264,0.35984673864114697,20.028471591930938,27.07662458710307
6899.939079373179,0.46474926073477796,34.24196676415241,27.76174090215311
5564.428794129487,0.11779649057792185,31.279248447223353,35.715348694391174
6748.555659079948,0.12233520548617194,25.95696020869154,27.124729520652735
8358.121827825826,0.39779607179291776,20.233499918367073,33.984543989121434
5822.344021854169,0.16780371860804916,29.14459201838796,28.225492609004124
6275.787709431905,0.16787611500642946,34.13766457209968,30.77170990636464
9715.986225521989,0.23420919930214124,31.834850907548123,30.876749862529643
5950.078870251584,0.4774288370039047,35.396166900705566,35.07695640426339
7341.613898901131,0.46498376317872425,37.99136663679746,24.165644552262822
6533.603537746911,0.3316067512776854,20.819298683860463,38.65256435267507
8622.209347728121,0.1327017539534604,26.738069357622066,38.67437251024076
5154.53589671138,0.3803574266736351,24.924591941585046,26.01228015336622
9277.81750043786,0.41902039164330224,33.366120660786606,30.10505928580274
6335.226428529303,0.24096352552252776,21.547044196919934,31.222728399105435
8868.176413773912,0.14378660361610723,34.60962547734753,21.01943849409697
9063.931040790343,0.22533049218970908,30.922142846532413,31.703244958494704
9581.490608533852,0.2809628898457813,22.74568676332171,23.48320378961426
7383.798031118131,0.45955960455227696,24.492632405414497,25.158342124581537
7723.5092359927075,0.3566238117563363,31.37979292618139,39.509872880008544
6222.276436746441,0.27490007926030646,37.83267079005051,36.850044122334594
6087.422222511021,0.11335728998200173,22.843097016336472,34.43225719751343
9924.283551654702,0.2240140563183058,37.93458471895009,33.51878378230078
8938.028432087616,0.4736507481117197,32.477681627105035,32.37278255202622
7172.71130951411,0.19850426926996478,20.938160262955797,35.405755214803065
8799.920483461932,0.4168449222176104,39.65606814086554,39.39072130319241
5226.252656434172,0.16847861733874686,21.779664707090706,37.13063537546114
9309.91297965383,0.24475445683884423,28.44084202563646,27.14629591066413
8999.295290308797,0.32901361679302554,37.83816520851957,26.027745799788658
7796.144201900094,0.1789900904262514,36.3067030606169,21.73005420736044
6770.811683055134,0.31071965616259084,30.069125000741835,25.874694785563364
7321.518116275236,0.4226898078443361,36.75687399412433,32.21778098894871
8392.464220190514,0.25044061046670624,26.35742884062555,28.748320693369216
5828.004217250821,0.15847509097293455,22.766440800305546,28.855698038061316
7639.856181585043,0.23137085987623301,22.7122740909548,31.84996499326062
7094.84920235692,0.41292000572848037,23.718474188288695,36.74172792900081
9784.902440341297,0.15043325930488088,29.70399142245268,33.72300061172159
8991.155053712346,0.39134168556243726,38.29756916212504,33.10583281746081
8770.39095642613,0.37170023893395554,30.01281533350278,22.356426819489997
5795.797002264762,0.48660103659121096,23.64045320172793,28.604762695494358
5045.352661923807,0.14743283157300957,29.625803012244397,26.589405966644584
5462.763609981725,0.1832016434183696,22.526990013785124,23.513027666116926
7793.566225350649,0.14045597923531378,24.90382346822095,24.075039086532716
9924.674399696498,0.24497738465837665,38.896246978990405,22.369538852023304
9728.65380799439,0.1253620506480535,29.46731634202402,32.56965158230385
8740.727262681661,0.31059419861936005,20.39117278481243,28.448764375980613
7599.958285054557,0.1942932687927832,21.508355879983686,23.770621326139015
6007.347703881026,0.3962266745258084,25.2024093054639,24.622515248381333
5092.822805674222,0.28281102383591805,38.372441573687745,38.80427242651349
5240.208579107572,0.1214590798217659,29.573765351159153,22.75270748104682
6284.417250414192,0.13628130803697247,30.308469803578404,25.483837508702155
7153.136672574379,0.4762026942257723,22.167763368024772,37.559196827276466
7252.706464323968,0.3199213261726256,25.653104681656384,22.645666771226768
6485.15157300904,0.42985316623245107,38.51020334647241,22.053495981909187
5130.335719598509,0.3693774736516183,22.64450433071918,38.21760959554872
8845.808357092928,0.27675352959948224,26.93982206832454,38.08924241424147
6299.12782323224,0.11784803935004878,34.88617063345018,28.741443212713982
8851.203568779923,0.25744872945714814,27.450189651004564,24.555072722250706
7004.594751591665,0.3364454892336797,30.066223172057818,35.22367576072366
7748.359583716476,0.48940757688262826,31.15529392445885,22.27885525274424
7309.266632127468,0.11949570480879662,29.49659368551304,34.356345316712066
8144.180321944296,0.23372296323426384,29.919537197656638,34.47367111019939
9167.094785347188,0.19980158477936838,26.88444461922056,35.72259661275669
8961.609848880493,0.1421594644978395,31.823780470210586,27.10085512749844
6970.206892636559,0.22355277637205473,25.212047496090022,29.154816118895294
8911.400527962867,0.34875384328505454,21.232376316276984,36.75133722519709
6941.150430746578,0.4246599453381105,30.913014622545944,26.335347829483347
6950.458586120081,0.23148442954483583,26.54704807401601,30.173420859850737
7581.783941053009,0.4111261036176005,35.58328203753338,26.011275613115046
6771.047270698214,0.36577925978558934,29.0240267233416,33.355168333911884
9623.237260626009,0.28331820307818356,32.074521289535845,21.364357234812456
7732.127078609292,0.3936515118809173,34.75377392608445,36.15139762774468
7436.9098972068405,0.4940400447801979,21.314460445078623,32.13757792747164
9880.92566218078,0.394777508083584,31.202524808314482,22.599968293996145
5096.4550552785495,0.12537197945105305,33.01653792182278,22.969438791285913
7843.585360316747,0.19452600532562708,21.444082127538287,36.76266349853559
8220.174032631076,0.4399823675769076,27.251937040121554,26.41009096821362
8645.907991816804,0.2537120676719486,25.303691997071244,25.816330170378947
8275.063336134674,0.396462530744428,36.59954298427877,37.849943077537766
9895.060345232003,0.39866871287420597,24.895978526696602,20.97887701804828
7224.752168216328,0.4151425500223761,31.585173571703272,20.81400982712916
9610.058022095694,0.13408171565894805,37.22203114608697,25.119749605624776
6965.45625409757,0.3908919587976202,26.16472354011859,24.614863443651423
9152.603247440798,0.40983362908221005,23.5183265460669,22.374179783104452
9885.105074703562,0.4386537831555638,33.59971976308685,33.43985907177114
9428.604596964726,0.34556957087701495,31.198234973788118,25.297162871866
6047.066187373895,0.40650656157310133,25.78848533097569,39.165863632953034
6788.266945576171,0.2586865791080376,35.52436130238175,20.908804975077164
6687.808376218994,0.2220776424027936,22.145388082357783,34.23943338174447
5457.557042347987,0.12698088438068056,29.574924878626966,27.268409089947838
8587.422051676516,0.30292331077572077,39.602632328394435,21.136743270299224
8128.025361872467,0.1938946466829693,31.692529471494503,23.51043657643245
6621.92752847443,0.19580753209285073,30.750069797219695,35.72563279170766
8192.627631340576,0.3610552953441526,24.549149191603828,25.458878611682497
7035.944515469111,0.2834577175163692,27.64563822097341,36.81150010028262
5134.04219103797,0.379549133612499,23.57268525167251,21.933504209593075
9185.447955360658,0.45684142952403406,26.69666284919798,38.854929748802604
5865.107002895189,0.35836466045152116,35.35300125069449,39.99972136321158
8130.960590111513,0.28420911528095266,33.043134022454,25.826335910160427
9472.363560414155,0.29183339771183386,22.818669406742018,32.929775278833574
9293.006127846209,0.3325737834630833,25.517894105636525,20.28216658764071
6565.95071323265,0.17847985875017391,24.244383005578886,29.75033559282177
5857.172295936474,0.16879194417105364,22.42838279902607,34.288896802830905
8074.2198610391215,0.17039638441232074,22.815830962597378,39.2376741532461
6995.379096711135,0.2014864604669136,39.37615286376237,24.49348644237801
5692.425068072233,0.1786492150080039,22.620366009125345,24.66990502057151
7308.840510437431,0.495308270106462,35.26478580148789,33.84886600287213
8411.187352955758,0.38583760827007624,31.718609773833087,25.251854891740344
9086.617311636688,0.4009496884393361,32.48262676439063,39.01734299426224
9997.057937225138,0.23642859176739395,39.90105193967983,38.914192261140435
9582.03852191225,0.22920301688462336,25.40539069907137,31.87737214599842
6775.007263692105,0.2811280689994455,35.74395415546864,22.20146832731392
7457.652476700057,0.4856731712840503,34.771290847478326,33.58009946252004
9289.615155133735,0.1866578073702706,28.11366021695868,30.030524863179544
8694.629943271713,0.36321595087703684,30.22024202428579,27.363809791253782
5961.435060802375,0.14688809158570548,28.43931336990148,21.547806299089952
5500.312353965158,0.3408103769569718,34.30751666047135,32.49776368070382
8370.938617346364,0.3338570117371362,38.53740784966371,26.869696147393952
6391.461416680935,0.36874894182369905,24.938885805599817,23.277645911232554
8714.25233791513,0.40104817630687156,27.223317550049952,28.56691880859104
8978.584791638108,0.4765004931802967,35.95064228388824,23.143987262120746
5233.487749721138,0.4347815599491743,37.37396361014182,24.50909026060618
5090.520475140607,0.19515813821188305,26.88176433412721,37.67101500829399
5780.94392748426,0.31608342110354615,36.07501635186531,31.09222349607401
5343.012173256113,0.11096717821476298,26.198858258754605,34.30534440739259
7928.369997826573,0.142789849523503,23.72015567242752,26.755994478333875
9945.69472820769,0.20867875355625842,21.989406773643246,20.24983764785136
5383.1583906187025,0.443189912279261,33.35664676596707,35.865374540955266
6762.010793570316,0.4587366385881577,30.688372933948905,38.63846049935196
8210.890458908918,0.18422584376813578,28.933080808544247,33.59971436657818
7591.947045833911,0.46524234138132475,34.79361767372323,35.00679531045834
9547.23790621687,0.23848171581619343,30.3425844555356,24.313939460174545
7034.589217507638,0.35277343559239016,33.081841991425975,30.15808987280102
6337.840641852976,0.10883212547579368,29.325790283248992,30.26232855921158
8430.90279974412,0.3630733531059522,28.336666116957712,39.727528363010514
8056.7988789063165,0.42798204928360073,27.076125119291213,30.829030463041367
5999.075056921646,0.2376186685063142,36.73873203008385,22.395564663852937
6113.396939175569,0.4416833648198445,28.300331742751695,38.67988101966904
6216.893628657965,0.3155452453940273,22.01793872568873,22.205475304048502
5208.118535413436,0.44564048183667093,36.83355577457722,33.404877521298644
5671.628929709037,0.2966731319777351,20.197356550447804,25.555430507593503
8428.819314338922,0.28342656970205315,28.08066213658369,29.99894614806718
6705.258768583728,0.31699718917546427,28.129339853256344,31.9019089041423
7244.8895329821735,0.48946401112018617,21.667766679079577,35.51462555232824
8690.596753483096,0.17399070160117525,20.782909294034067,31.77113792347678
8341.832892494167,0.3358730162167449,23.510564503956743,39.52412801070466
8355.607472399613,0.21526655354801405,30.37365701666957,35.303906028180414
6421.5784733882865,0.13958317114870433,38.558178220157046,21.07912352620328
6644.816498459875,0.45753602461620424,35.94071531195927,34.25696778278709
8286.726035824813,0.44471514537080276,30.52658324937877,31.943123448553536
7030.423244999085,0.1947549995878085,23.3756055475506,23.351420334969262
8517.780772701572,0.36510659950758967,22.165667880476327,27.861608747038993
7803.395828220673,0.1857648289132977,33.75040507166908,22.510896700373173
7083.238922650621,0.22235250540363666,38.04882226195394,27.447143553192756
6742.265623991614,0.46656399338830856,21.261710869439003,21.705419496169036
9071.81527966189,0.44814640468093014,33.22154647543915,30.074212640696427
9897.382289774892,0.3842509285243315,26.49504221615702,26.321507236206543
9262.174781827518,0.3109394077620093,28.007662637894626,22.23620503012992
6709.375215705978,0.44184058340535354,29.92148620417067,24.785495441270754
8282.133330933542,0.17825783551328334,29.696582866419348,25.37003911911902
7056.096006150952,0.33546525530752414,38.24708172347992,39.908436076252656
9508.627240196267,0.29989974475213865,35.18206347620058,31.091338900427345
7778.386816181395,0.13648378794968746,31.63227245911835,35.02826551661167
7371.112486408796,0.4453794885143316,38.91406202961922,26.28342202815161
5565.9844987622,0.11614957529738174,34.697276368465,27.35432285556337
7840.17587401015,0.14233487757911878,32.505034827203914,33.84231823808764
8435.726345442123,0.4691289193525383,24.11095985261598,38.30233354660047
5495.380254840915,0.16773821945406536,38.289313210482156,21.47633562739122
7294.754780286434,0.11911175663411422,29.34206415312891,34.67883016955935
8174.717324597168,0.4301244505851102,25.41420615170884,26.621961350752475
9517.644359827911,0.1639451961724389,22.51916555148478,25.853106810347278
5916.516837399001,0.23423810675512524,34.54324722862534,38.08437004495063
6711.388483137176,0.3619354595936094,30.364263658965186,27.74322340097141
8079.518232321165,0.14842336407651263,28.15357765905911,22.68475855967581
6497.902562202138,0.10908981247967842,29.03245456204471,23.82580580461791
8639.889027826654,0.25550654309363285,23.084677745057835,28.69939198660238
6135.535439015188,0.4008184177221285,26.998379567400686,22.829018351487317
5234.103015582034,0.4792016755450704,22.20038505094448,29.965666771466196
5005.177408467912,0.25413870203150335,25.64143715571985,31.148223140609428
6680.3893733206,0.44475279174538895,25.603862989162053,29.44586023733026
5567.414538056115,0.323674339184184,33.93915563431216,21.593903191548687
5112.811573439789,0.28501984351941767,25.036836238186723,22.063010602639515
9827.345259837397,0.3289710940530709,25.073467452114336,26.083954474287186
8506.374751418318,0.23270058432280555,33.25209247793659,28.276974467573073
9537.983546354817,0.1198565846101145,38.845925952376454,38.17227054872732
7465.895094072834,0.3919244782739487,37.45608730588615,26.294039399627145
8049.02054758486,0.4451538546794762,25.367091859162834,33.33740946593158
5923.188841896973,0.23959173569167863,34.17187772749124,20.6429711335582
7334.55817505624,0.12342043631274247,35.70194833040689,37.33780675872596
8624.908971582527,0.1387134078019508,20.038388822822302,36.62137870106514
7744.633575240542,0.4550859650121878,25.002309611026448,23.28083043768678
